first_name,last_name,email,current_class
Marie,Dupont,marie.dupont@lycee.fr,TG3
Thomas,Martin,thomas.martin@lycee.fr,TG2
Sophie,Bernard,sophie.bernard@lycee.fr,TG1
Lucas,Petit,lucas.petit@lycee.fr,TG3
Emma,Robert,emma.robert@lycee.fr,TG2
Antoine,Richard,antoine.richard@lycee.fr,TG1
Chloé,Durand,chloe.durand@lycee.fr,TG3
Maxime,Dubois,maxime.dubois@lycee.fr,TG2
Léa,Moreau,lea.moreau@lycee.fr,TG1
Hugo,Laurent,hugo.laurent@lycee.fr,TG3
